Date,X3.Mo,X10.Yr
9/1/1981,17.01,15.41
9/2/1981,16.65,15.4
9/3/1981,16.96,15.48
9/4/1981,16.64,15.51
9/7/1981,.,.
9/8/1981,16.54,15.59
9/9/1981,16.39,15.53
9/10/1981,15.9,15.3
9/11/1981,15.76,15.05
9/14/1981,15.27,15.2
9/15/1981,15.16,15.08
9/16/1981,15.1,15.11
9/17/1981,15.18,14.95
9/18/1981,15.07,14.91
9/21/1981,14.98,14.78
9/22/1981,15.51,15.03
9/23/1981,14.94,15.23
9/24/1981,14.94,15.31
9/25/1981,15.02,15.68
9/28/1981,14.82,15.65
9/29/1981,14.86,15.76
9/30/1981,15.05,15.84
10/1/1981,15.33,15.75
10/2/1981,15.4,15.41
10/5/1981,14.98,15.19
10/6/1981,14.61,15.14
10/7/1981,14.54,15.04
10/8/1981,14.38,15
10/9/1981,13.96,14.73
10/12/1981,.,.
10/13/1981,14.17,14.83
10/14/1981,13.97,14.87
10/15/1981,14,14.88
10/16/1981,14.18,14.94
10/19/1981,14.2,14.95
10/20/1981,14.13,15.09
10/21/1981,14.17,15.34
10/22/1981,13.98,15.38
10/23/1981,13.87,15.3
10/26/1981,13.96,15.6
10/27/1981,14.02,15.54
10/28/1981,13.93,15.44
10/29/1981,13.74,15.06
10/30/1981,13.33,14.63
11/2/1981,13.34,14.57
11/3/1981,.,.
11/4/1981,12.87,14.18
11/5/1981,12.73,14.19
11/6/1981,12.21,13.94
11/9/1981,11.72,13.39
11/10/1981,11.74,13.4
11/11/1981,.,.
11/12/1981,11.07,13.19
11/13/1981,11.32,13.18
11/16/1981,11.11,13.07
11/17/1981,11.08,13.18
11/18/1981,10.46,13
11/19/1981,10.63,13.04
11/20/1981,10.51,13.14
11/23/1981,10.91,13.44
11/24/1981,10.6,13.13
11/25/1981,10.56,12.98
11/26/1981,.,.
11/27/1981,10.58,12.92
11/30/1981,10.78,13.13
12/1/1981,10.81,13.37
12/2/1981,10.82,13.49
12/3/1981,10.95,13.45
12/4/1981,10.29,13.15
12/7/1981,10.66,13.5
12/8/1981,10.68,13.5
12/9/1981,.,13.64
12/10/1981,11.13,13.8
12/11/1981,11.33,13.84
12/14/1981,11.4,13.62
12/15/1981,11.35,13.55
12/16/1981,11.38,13.53
12/17/1981,11.62,13.71
12/18/1981,11.33,13.51
12/21/1981,11.56,13.83
12/22/1981,11.51,14.02
12/23/1981,11.94,14.14
12/24/1981,11.57,14.01
12/25/1981,.,.
12/28/1981,11.75,14.01
12/29/1981,12.22,14.12
12/30/1981,11.86,14.17
12/31/1981,11.54,13.98
1/1/1982,.,.
1/4/1982,11.87,14.19
1/5/1982,12.2,14.44
1/6/1982,12.16,14.59
1/7/1982,12.17,14.63
1/8/1982,11.98,14.48
1/11/1982,12.49,14.81
1/12/1982,12.52,14.62
1/13/1982,12.7,14.83
1/14/1982,13.17,14.7
1/15/1982,12.74,14.82
1/18/1982,13.41,14.75
1/19/1982,13.13,14.8
1/20/1982,13.51,14.81
1/21/1982,13.65,14.62
1/22/1982,13.63,14.69
1/25/1982,14.06,14.62
1/26/1982,13.65,14.54
1/27/1982,13.4,14.51
1/28/1982,12.84,14.29
1/29/1982,13.08,14.14
2/1/1982,14.77,14.58
2/2/1982,14.49,14.47
2/3/1982,14.64,14.69
2/4/1982,14.38,14.76
2/5/1982,14.63,14.65
2/8/1982,15.04,14.88
2/9/1982,14.91,14.95
2/10/1982,14.88,14.81
2/11/1982,15.06,14.71
2/12/1982,.,.
2/15/1982,.,.
2/16/1982,15.49,14.53
2/17/1982,15.31,14.5
2/18/1982,14.58,14.28
2/19/1982,14.17,14.24
2/22/1982,13.13,13.87
2/23/1982,12.93,13.93
2/24/1982,12.83,13.87
2/25/1982,12.79,13.91
2/26/1982,13,14.03
3/1/1982,12.81,13.85
3/2/1982,13.22,13.74
3/3/1982,12.85,13.69
3/4/1982,12.85,13.61
3/5/1982,12.86,13.59
3/8/1982,12.68,13.67
3/9/1982,12.93,13.69
3/10/1982,13,13.73
3/11/1982,13.24,13.95
3/12/1982,13.4,13.97
3/15/1982,13.47,13.96
3/16/1982,13.33,13.91
3/17/1982,13.36,13.88
3/18/1982,13.45,13.87
3/19/1982,13.69,13.89
3/22/1982,13.26,13.74
3/23/1982,13.11,13.72
3/24/1982,13.39,13.91
3/25/1982,13.35,13.9
3/26/1982,13.69,14.01
3/29/1982,14.16,14.16
3/30/1982,14.15,14.19
3/31/1982,13.99,14.18
4/1/1982,13.87,14.1
4/2/1982,13.95,14.1
4/5/1982,13.76,14.16
4/6/1982,13.77,14.18
4/7/1982,13.8,14.18
4/8/1982,13.74,13.98
4/9/1982,.,.
4/12/1982,13.43,13.83
4/13/1982,13.33,13.83
4/14/1982,13.44,13.95
4/15/1982,13.47,13.91
4/16/1982,13.21,13.71
4/19/1982,13.04,13.66
4/20/1982,13.07,13.72
4/21/1982,12.73,13.69
4/22/1982,12.99,13.71
4/23/1982,12.99,13.69
4/26/1982,13.17,13.7
4/27/1982,13.04,13.7
4/28/1982,13.09,13.77
4/29/1982,13.2,13.87
4/30/1982,13.15,13.87
5/3/1982,13.46,13.95
5/4/1982,13.6,13.87
5/5/1982,13.39,13.8
5/6/1982,13.08,13.54
5/7/1982,13.02,13.48
5/10/1982,13.21,13.49
5/11/1982,12.97,13.46
5/12/1982,13.05,13.59
5/13/1982,13.09,13.62
5/14/1982,12.92,13.48
5/17/1982,13.02,13.57
5/18/1982,12.88,13.6
5/19/1982,12.47,13.64
5/20/1982,12,13.53
5/21/1982,11.99,13.52
5/24/1982,11.99,13.58
5/25/1982,12.07,13.62
5/26/1982,12.04,13.68
5/27/1982,12.06,13.72
5/28/1982,11.97,13.71
5/31/1982,.,.
6/1/1982,12.55,13.93
6/2/1982,12.69,13.86
6/3/1982,12.63,13.9
6/4/1982,12.78,13.98
6/7/1982,12.71,13.94
6/8/1982,12.79,13.98
6/9/1982,12.62,13.99
6/10/1982,12.52,14.02
6/11/1982,12.55,13.93
6/14/1982,12.88,14.21
6/15/1982,12.93,14.21
6/16/1982,13.03,14.26
6/17/1982,13.15,14.48
6/18/1982,13.31,14.62
6/21/1982,13.11,14.63
6/22/1982,13.37,14.66
6/23/1982,13.67,14.74
6/24/1982,13.6,14.71
6/25/1982,13.87,14.76
6/28/1982,13.81,14.73
6/29/1982,13.8,14.61
6/30/1982,13.36,14.44
7/1/1982,13.14,14.4
7/2/1982,13.36,14.5
7/5/1982,.,.
7/6/1982,13.18,14.48
7/7/1982,13.31,14.49
7/8/1982,12.48,14.19
7/9/1982,12.29,14.03
7/12/1982,12.22,13.87
7/13/1982,12.48,14.02
7/14/1982,12.53,14.1
7/15/1982,12.14,13.96
7/16/1982,11.68,13.7
7/19/1982,11.52,13.68
7/20/1982,11.11,13.53
7/21/1982,11.19,13.6
7/22/1982,10.83,13.51
7/23/1982,10.73,13.56
7/26/1982,10.87,13.91
7/27/1982,11.12,13.86
7/28/1982,11.41,13.97
7/29/1982,10.97,13.83
7/30/1982,10.57,13.68
8/2/1982,9.72,13.41
8/3/1982,10.18,13.51
8/4/1982,10.12,13.68
8/5/1982,10.19,13.7
8/6/1982,10.71,13.85
8/9/1982,10.25,13.7
8/10/1982,10.42,13.69
8/11/1982,10.37,13.71
8/12/1982,9.74,13.55
8/13/1982,9.6,13.2
8/16/1982,8.98,13.09
8/17/1982,8.33,12.65
8/18/1982,8.35,12.57
8/19/1982,7.76,12.47
8/20/1982,7.31,12.24
8/23/1982,7.75,12.47
8/24/1982,7.86,12.35
8/25/1982,7.67,12.43
8/26/1982,7.37,12.55
8/27/1982,8.1,12.77
8/30/1982,8.44,12.81
8/31/1982,8.72,12.81
9/1/1982,8.73,12.76
9/2/1982,8.66,12.6
9/3/1982,8.46,12.47
9/6/1982,.,.
9/7/1982,8.68,12.53
9/8/1982,8.6,12.51
9/9/1982,8.57,12.53
9/10/1982,8.66,12.73
9/13/1982,8.41,12.63
9/14/1982,8.16,12.56
9/15/1982,8.44,12.6
9/16/1982,8.31,12.6
9/17/1982,8.23,12.51
9/20/1982,8.04,12.47
9/21/1982,7.88,12.18
9/22/1982,7.58,12.04
9/23/1982,7.52,11.94
9/24/1982,7.85,12.09
9/27/1982,7.83,11.99
9/28/1982,7.72,11.85
9/29/1982,7.84,11.8
9/30/1982,7.88,11.73
10/1/1982,7.6,11.51
10/4/1982,8.21,11.72
10/5/1982,8.44,11.69
10/6/1982,8.33,11.5
10/7/1982,8.04,10.91
10/8/1982,8,10.83
10/11/1982,.,.
10/12/1982,7.61,10.53
10/13/1982,7.67,10.39
10/14/1982,7.79,10.61
10/15/1982,7.8,10.75
10/18/1982,7.66,10.58
10/19/1982,7.73,10.56
10/20/1982,7.8,10.69
10/21/1982,7.81,10.69
10/22/1982,7.88,10.81
10/25/1982,8.12,11.11
10/26/1982,8.24,10.87
10/27/1982,8.28,10.9
10/28/1982,8.17,10.77
10/29/1982,8.17,10.71
11/1/1982,8.06,10.56
11/2/1982,.,.
11/3/1982,8.06,10.46
11/4/1982,7.99,10.42
11/5/1982,8.04,10.48
11/8/1982,8.18,10.55
11/9/1982,8.28,10.51
11/10/1982,8.36,10.48
11/11/1982,.,.
11/12/1982,8.56,10.58
11/15/1982,8.8,10.65
11/16/1982,8.7,10.67
11/17/1982,8.65,10.59
11/18/1982,8.55,10.46
11/19/1982,8.38,10.42
11/22/1982,8.26,10.43
11/23/1982,8.22,10.53
11/24/1982,8.2,10.59
11/25/1982,.,.
11/26/1982,8.19,10.51
11/29/1982,8.54,10.78
11/30/1982,8.56,10.79
12/1/1982,8.55,10.74
12/2/1982,8.32,10.68
12/3/1982,8.1,10.47
12/6/1982,8.13,10.46
12/7/1982,8.19,10.48
12/8/1982,8.24,10.62
12/9/1982,8.23,10.58
12/10/1982,8.31,10.66
12/13/1982,8.27,10.61
12/14/1982,7.93,10.46
12/15/1982,7.88,10.5
12/16/1982,8.1,10.59
12/17/1982,8.13,10.64
12/20/1982,8.14,10.7
12/21/1982,8.17,10.54
12/22/1982,8.18,10.53
12/23/1982,8.18,10.47
12/24/1982,.,.
12/27/1982,8.16,10.44
12/28/1982,8.33,10.44
12/29/1982,8.43,10.47
12/30/1982,8.29,10.44
12/31/1982,8.2,10.36
1/3/1983,8.17,10.32
1/4/1983,8.28,10.37
1/5/1983,8.25,10.35
1/6/1983,8.2,10.39
1/7/1983,8.02,10.36
1/10/1983,7.96,10.38
1/11/1983,7.94,10.34
1/12/1983,7.94,10.32
1/13/1983,7.92,10.27
1/14/1983,7.79,10.28
1/17/1983,7.85,10.28
1/18/1983,7.9,10.3
1/19/1983,7.94,10.41
1/20/1983,8.04,10.43
1/21/1983,8.29,10.61
1/24/1983,8.37,10.7
1/25/1983,8.32,10.62
1/26/1983,8.36,10.69
1/27/1983,8.3,10.67
1/28/1983,8.26,10.71
1/31/1983,8.36,10.8
2/1/1983,8.45,10.78
2/2/1983,8.45,10.88
2/3/1983,8.43,10.93
2/4/1983,8.52,10.99
2/7/1983,8.5,10.96
2/8/1983,8.57,10.99
2/9/1983,8.55,11
2/10/1983,8.45,10.83
2/11/1983,8.42,10.8
2/14/1983,8.53,10.8
2/15/1983,8.6,10.84
2/16/1983,8.48,10.81
2/17/1983,8.38,10.71
2/18/1983,8.26,10.6
2/21/1983,.,.
2/22/1983,8.17,10.46
2/23/1983,8.24,10.44
2/24/1983,8.2,10.42
2/25/1983,8.08,10.26
2/28/1983,8.21,10.27
3/1/1983,8.26,10.22
3/2/1983,8.3,10.26
3/3/1983,8.25,10.23
3/4/1983,8.29,10.27
3/7/1983,8.48,10.43
3/8/1983,8.61,10.52
3/9/1983,8.57,10.48
3/10/1983,8.55,10.55
3/11/1983,8.56,10.59
3/14/1983,8.51,10.48
3/15/1983,8.55,10.46
3/16/1983,8.61,10.53
3/17/1983,8.63,10.56
3/18/1983,8.74,10.58
3/21/1983,8.8,10.6
3/22/1983,8.93,10.62
3/23/1983,8.78,10.58
3/24/1983,8.83,10.58
3/25/1983,9,10.64
3/28/1983,9.01,10.66
3/29/1983,8.97,10.6
3/30/1983,8.98,10.59
3/31/1983,8.96,10.62
4/1/1983,.,.
4/4/1983,8.97,10.6
4/5/1983,8.8,10.49
4/6/1983,8.72,10.49
4/7/1983,8.68,10.51
4/8/1983,8.63,10.51
4/11/1983,8.45,10.41
4/12/1983,8.49,10.42
4/13/1983,8.48,10.39
4/14/1983,8.42,10.29
4/15/1983,8.43,10.33
4/18/1983,8.36,10.29
4/19/1983,8.47,10.39
4/20/1983,8.4,10.39
4/21/1983,8.44,10.43
4/22/1983,8.44,10.42
4/25/1983,8.44,10.4
4/26/1983,8.45,10.37
4/27/1983,8.41,10.29
4/28/1983,8.41,10.31
4/29/1983,8.38,10.27
5/2/1983,8.33,10.26
5/3/1983,8.33,10.26
5/4/1983,8.3,10.12
5/5/1983,8.34,10.16
5/6/1983,8.26,10.13
5/9/1983,8.43,10.25
5/10/1983,8.3,10.16
5/11/1983,8.25,10.18
5/12/1983,8.35,10.23
5/13/1983,8.3,10.22
5/16/1983,8.45,10.37
5/17/1983,8.44,10.41
5/18/1983,8.42,10.43
5/19/1983,8.46,10.49
5/20/1983,8.48,10.54
5/23/1983,8.73,10.57
5/24/1983,8.8,10.56
5/25/1983,8.82,10.58
5/26/1983,8.85,10.63
5/27/1983,8.8,10.62
5/30/1983,.,.
5/31/1983,8.97,10.81
6/1/1983,8.92,10.77
6/2/1983,8.84,10.78
6/3/1983,8.87,10.79
6/6/1983,8.96,10.79
6/7/1983,9.17,10.85
6/8/1983,9.18,10.92
6/9/1983,9.08,10.88
6/10/1983,9.11,10.89
6/13/1983,9.03,10.75
6/14/1983,9.06,10.77
6/15/1983,9.06,10.72
6/16/1983,8.99,10.64
6/17/1983,9.01,10.68
6/20/1983,9.32,10.8
6/21/1983,9.32,10.79
6/22/1983,9.35,10.83
6/23/1983,9.31,10.9
6/24/1983,9.42,11.02
6/27/1983,9.38,11.11
6/28/1983,9.34,11.04
6/29/1983,9.2,10.99
6/30/1983,9.15,10.96
7/1/1983,9.05,10.93
7/4/1983,.,.
7/5/1983,9.36,11.21
7/6/1983,9.38,11.16
7/7/1983,9.49,11.29
7/8/1983,9.48,11.33
7/11/1983,9.42,11.28
7/12/1983,9.52,11.42
7/13/1983,9.47,11.4
7/14/1983,9.46,11.38
7/15/1983,9.59,11.51
7/18/1983,9.47,11.41
7/19/1983,9.51,11.36
7/20/1983,9.44,11.28
7/21/1983,9.44,11.32
7/22/1983,9.45,11.43
7/25/1983,9.43,11.41
7/26/1983,9.47,11.49
7/27/1983,9.43,11.51
7/28/1983,9.54,11.66
7/29/1983,9.59,11.76
8/1/1983,9.63,11.8
8/2/1983,9.89,11.82
8/3/1983,9.78,11.92
8/4/1983,9.86,12.12
8/5/1983,9.83,12.1
8/8/1983,9.89,12.2
8/9/1983,9.94,12.13
8/10/1983,9.97,12.17
8/11/1983,9.98,12.04
8/12/1983,9.9,11.96
8/15/1983,9.83,11.76
8/16/1983,9.83,11.71
8/17/1983,9.73,11.65
8/18/1983,9.68,11.7
8/19/1983,9.7,11.72
8/22/1983,9.54,11.54
8/23/1983,9.56,11.57
8/24/1983,9.49,11.54
8/25/1983,9.48,11.62
8/26/1983,9.54,11.65
8/29/1983,9.62,11.86
8/30/1983,9.69,11.9
8/31/1983,9.64,11.98
9/1/1983,9.58,11.97
9/2/1983,9.63,12.01
9/5/1983,.,.
9/6/1983,9.59,11.85
9/7/1983,9.49,11.7
9/8/1983,9.48,11.77
9/9/1983,9.54,11.73
9/12/1983,9.39,11.56
9/13/1983,9.46,11.63
9/14/1983,9.47,11.76
9/15/1983,9.46,11.82
9/16/1983,9.43,11.68
9/19/1983,9.34,11.66
9/20/1983,9.32,11.57
9/21/1983,9.33,11.64
9/22/1983,9.33,11.6
9/23/1983,9.22,11.49
9/26/1983,9.05,11.41
9/27/1983,9.08,11.45
9/28/1983,9.12,11.49
9/29/1983,9.24,11.5
9/30/1983,9.04,11.44
10/3/1983,9.13,11.47
10/4/1983,9,11.46
10/5/1983,9.01,11.35
10/6/1983,8.97,11.31
10/7/1983,8.94,11.33
10/10/1983,.,.
10/11/1983,9.16,11.57
10/12/1983,9.14,11.59
10/13/1983,9.16,11.65
10/14/1983,9.12,11.58
10/17/1983,8.88,11.47
10/18/1983,8.85,11.49
10/19/1983,8.84,11.49
10/20/1983,8.88,11.47
10/21/1983,8.87,11.43
10/24/1983,9.03,11.66
10/25/1983,9,11.7
10/26/1983,9,11.72
10/27/1983,8.99,11.66
10/28/1983,8.96,11.68
10/31/1983,8.83,11.74
11/1/1983,8.8,11.69
11/2/1983,8.82,11.7
11/3/1983,8.97,11.75
11/4/1983,9.14,11.85
11/7/1983,9.14,11.85
11/8/1983,.,.
11/9/1983,9.13,11.84
11/10/1983,9.09,11.71
11/11/1983,.,.
11/14/1983,9.12,11.68
11/15/1983,9.13,11.7
11/16/1983,9.14,11.7
11/17/1983,9.2,11.72
11/18/1983,9.2,11.72
11/21/1983,9.12,11.65
11/22/1983,9.12,11.57
11/23/1983,9.16,11.59
11/24/1983,.,.
11/25/1983,9.12,11.55
11/28/1983,9.25,11.63
11/29/1983,9.22,11.58
11/30/1983,9.24,11.63
12/1/1983,9.27,11.63
12/2/1983,9.28,11.75
12/5/1983,9.29,11.78
12/6/1983,9.3,11.76
12/7/1983,9.31,11.79
12/8/1983,9.38,11.89
12/9/1983,9.34,11.9
12/12/1983,9.31,11.87
12/13/1983,9.46,11.95
12/14/1983,9.48,11.97
12/15/1983,9.53,11.96
12/16/1983,9.47,11.88
12/19/1983,9.45,11.87
12/20/1983,9.41,11.86
12/21/1983,9.36,11.83
12/22/1983,9.25,11.77
12/23/1983,9.32,11.79
12/26/1983,.,.
12/27/1983,9.29,11.75
12/28/1983,9.34,11.81
12/29/1983,9.34,11.79
12/30/1983,9.33,11.82
1/2/1984,.,.
1/3/1984,9.35,11.86
1/4/1984,9.34,11.78
1/5/1984,9.29,11.77
1/6/1984,9.22,11.73
1/9/1984,9.25,11.75
1/10/1984,9.27,11.71
1/11/1984,9.3,11.76
1/12/1984,9.29,11.76
1/13/1984,9.08,11.59
1/16/1984,9.11,11.54
1/17/1984,9.24,11.57
1/18/1984,9.27,11.61
1/19/1984,9.25,11.6
1/20/1984,9.32,11.64
1/23/1984,9.3,11.63
1/24/1984,9.29,11.63
1/25/1984,9.3,11.64
1/26/1984,9.29,11.63
1/27/1984,9.28,11.63
1/30/1984,9.24,11.66
1/31/1984,9.26,11.67
2/1/1984,9.25,11.64
2/2/1984,9.27,11.6
2/3/1984,9.32,11.6
2/6/1984,9.5,11.7
2/7/1984,9.43,11.71
2/8/1984,9.47,11.72
2/9/1984,9.4,11.73
2/10/1984,9.43,11.83
2/13/1984,.,.
2/14/1984,9.43,11.85
2/15/1984,9.44,11.81
2/16/1984,9.44,11.83
2/17/1984,9.53,11.92
2/20/1984,.,.
2/21/1984,9.5,11.91
2/22/1984,9.51,11.93
2/23/1984,9.64,12.05
2/24/1984,9.54,11.99
2/27/1984,9.55,12.05
2/28/1984,9.59,12.09
2/29/1984,9.49,12.04
3/1/1984,9.54,12.07
3/2/1984,9.5,11.99
3/5/1984,9.54,12.07
3/6/1984,9.59,12.09
3/7/1984,9.67,12.22
3/8/1984,9.7,12.24
3/9/1984,9.77,12.28
3/12/1984,9.69,12.24
3/13/1984,9.74,12.27
3/14/1984,9.83,12.31
3/15/1984,9.86,12.31
3/16/1984,9.87,12.34
3/19/1984,10,12.45
3/20/1984,10.2,12.44
3/21/1984,10.2,12.45
3/22/1984,10.18,12.49
3/23/1984,10.15,12.48
3/26/1984,10.11,12.46
3/27/1984,10.17,12.46
3/28/1984,10.1,12.42
3/29/1984,10.07,12.41
3/30/1984,10.09,12.53
4/2/1984,10.05,12.56
4/3/1984,10.18,12.65
4/4/1984,10.18,12.67
4/5/1984,10.18,12.65
4/6/1984,10.05,12.51
4/9/1984,9.95,12.47
4/10/1984,10.01,12.52
4/11/1984,10.01,12.5
4/12/1984,10.02,12.4
4/13/1984,10.11,12.57
4/16/1984,10.17,12.61
4/17/1984,10.15,12.57
4/18/1984,10.14,12.7
4/19/1984,10.1,12.77
4/20/1984,.,.
4/23/1984,10.01,12.8
4/24/1984,10.04,12.75
4/25/1984,10.02,12.69
4/26/1984,9.91,12.67
4/27/1984,10.08,12.79
4/30/1984,10.1,12.82
5/1/1984,10.08,12.82
5/2/1984,10.06,12.86
5/3/1984,10.05,12.89
5/4/1984,10.25,13.07
5/7/1984,10.35,13.13
5/8/1984,10.44,13.09
5/9/1984,10.4,13.21
5/10/1984,10.25,13.25
5/11/1984,10.4,13.46
5/14/1984,10.37,13.58
5/15/1984,10.52,13.48
5/16/1984,10.14,13.41
5/17/1984,10.16,13.54
5/18/1984,10.19,13.45
5/21/1984,10.07,13.43
5/22/1984,10.45,13.52
5/23/1984,10.33,13.54
5/24/1984,10.09,13.72
5/25/1984,9.94,13.75
5/28/1984,.,.
5/29/1984,10.09,13.89
5/30/1984,10.15,13.99
5/31/1984,10.13,13.91
6/1/1984,10.18,13.63
6/4/1984,10.23,13.42
6/5/1984,10.14,13.37
6/6/1984,10.15,13.54
6/7/1984,10.23,13.54
6/8/1984,10.25,13.46
6/11/1984,10.43,13.58
6/12/1984,10.48,13.54
6/13/1984,10.28,13.44
6/14/1984,10.28,13.39
6/15/1984,10.27,13.21
6/18/1984,10.35,13.27
6/19/1984,10.31,13.38
6/20/1984,10.31,13.65
6/21/1984,10.33,13.72
6/22/1984,10.23,13.74
6/25/1984,10.14,13.75
6/26/1984,10.19,13.79
6/27/1984,10.14,13.76
6/28/1984,10.24,13.8
6/29/1984,10.31,13.84
7/2/1984,10.12,13.87
7/3/1984,10.38,13.8
7/4/1984,.,.
7/5/1984,10.37,13.77
7/6/1984,10.4,13.75
7/9/1984,10.41,13.48
7/10/1984,10.54,13.53
7/11/1984,10.51,13.55
7/12/1984,10.44,13.42
7/13/1984,10.36,13.3
7/16/1984,10.4,13.32
7/17/1984,10.61,13.37
7/18/1984,10.52,13.32
7/19/1984,10.54,13.25
7/20/1984,10.59,13.36
7/23/1984,10.63,13.35
7/24/1984,10.69,13.31
7/25/1984,10.68,13.06
7/26/1984,10.67,12.89
7/27/1984,10.7,12.95
7/30/1984,10.76,13.05
7/31/1984,10.83,12.91
8/1/1984,10.86,12.81
8/2/1984,10.9,12.74
8/3/1984,10.9,12.61
8/6/1984,10.98,12.73
8/7/1984,10.97,12.69
8/8/1984,10.9,12.66
8/9/1984,10.85,12.61
8/10/1984,10.86,12.68
8/13/1984,10.88,12.74
8/14/1984,10.72,12.67
8/15/1984,10.62,12.74
8/16/1984,10.68,12.7
8/17/1984,10.75,12.7
8/20/1984,10.88,12.69
8/21/1984,10.85,12.62
8/22/1984,10.84,12.65
8/23/1984,10.88,12.69
8/24/1984,10.91,12.66
8/27/1984,11.12,12.81
8/28/1984,11.1,12.81
8/29/1984,11.11,12.83
8/30/1984,11.09,12.84
8/31/1984,11.06,12.79
9/3/1984,.,.
9/4/1984,11.14,12.88
9/5/1984,11.08,12.92
9/6/1984,11.04,12.81
9/7/1984,10.99,12.7
9/10/1984,10.84,12.62
9/11/1984,10.82,12.54
9/12/1984,10.83,12.55
9/13/1984,10.75,12.44
9/14/1984,10.79,12.42
9/17/1984,10.81,12.4
9/18/1984,10.74,12.35
9/19/1984,10.69,12.25
9/20/1984,10.66,12.28
9/21/1984,10.67,12.45
9/24/1984,10.72,12.52
9/25/1984,10.71,12.56
9/26/1984,10.64,12.46
9/27/1984,10.57,12.31
9/28/1984,10.63,12.47
10/1/1984,10.65,12.54
10/2/1984,10.67,12.54
10/3/1984,10.59,12.54
10/4/1984,10.57,12.52
10/5/1984,10.55,12.39
10/8/1984,.,.
10/9/1984,10.51,12.36
10/10/1984,10.48,12.36
10/11/1984,10.36,12.31
10/12/1984,10.3,12.28
10/15/1984,10.39,12.34
10/16/1984,10.35,12.32
10/17/1984,10.26,12.28
10/18/1984,10.1,12.09
10/19/1984,9.93,11.93
10/22/1984,9.92,11.9
10/23/1984,9.82,11.78
10/24/1984,9.51,11.74
10/25/1984,9.53,11.83
10/26/1984,9.71,11.99
10/29/1984,9.65,11.95
10/30/1984,9.54,11.75
10/31/1984,9.35,11.79
11/1/1984,9.36,11.66
11/2/1984,9.34,11.66
11/5/1984,8.99,11.6
11/6/1984,.,.
11/7/1984,8.86,11.72
11/8/1984,9.08,11.81
11/9/1984,8.94,11.71
11/12/1984,.,.
11/13/1984,9.04,11.78
11/14/1984,9.08,11.81
11/15/1984,8.98,11.73
11/16/1984,8.9,11.69
11/19/1984,8.93,11.61
11/20/1984,8.93,11.53
11/21/1984,8.85,11.39
11/22/1984,.,.
11/23/1984,8.75,11.24
11/26/1984,8.79,11.28
11/27/1984,8.68,11.28
11/28/1984,8.68,11.38
11/29/1984,8.65,11.42
11/30/1984,8.74,11.58
12/3/1984,8.71,11.56
12/4/1984,8.8,11.52
12/5/1984,8.78,11.52
12/6/1984,8.78,11.61
12/7/1984,8.64,11.7
12/10/1984,8.65,11.66
12/11/1984,8.63,11.57
12/12/1984,8.56,11.54
12/13/1984,8.58,11.7
12/14/1984,8.39,11.56
12/17/1984,8.24,11.49
12/18/1984,8.08,11.29
12/19/1984,7.97,11.34
12/20/1984,8.07,11.37
12/21/1984,8.03,11.34
12/24/1984,7.9,11.31
12/25/1984,.,.
12/26/1984,7.89,11.45
12/27/1984,7.93,11.45
12/28/1984,8,11.46
12/31/1984,8.12,11.55
1/1/1985,.,.
1/2/1985,8.1,11.7
1/3/1985,8.07,11.62
1/4/1985,8.08,11.67
1/7/1985,8.06,11.5
1/8/1985,8.06,11.45
1/9/1985,7.95,11.47
1/10/1985,8,11.48
1/11/1985,8.02,11.59
1/14/1985,7.96,11.6
1/15/1985,7.99,11.49
1/16/1985,8,11.51
1/17/1985,8,11.48
1/18/1985,8,11.39
1/21/1985,.,.
1/22/1985,7.96,11.27
1/23/1985,7.9,11.21
1/24/1985,7.88,11.06
1/25/1985,7.89,11.11
1/28/1985,7.98,11.11
1/29/1985,8.09,11.11
1/30/1985,8.1,11.08
1/31/1985,8.33,11.17
2/1/1985,8.47,11.29
2/4/1985,8.47,11.35
2/5/1985,8.43,11.3
2/6/1985,8.41,11.4
2/7/1985,8.46,11.41
2/8/1985,8.51,11.37
2/11/1985,8.5,11.42
2/12/1985,.,.
2/13/1985,8.53,11.39
2/14/1985,8.48,11.29
2/15/1985,8.47,11.38
2/18/1985,.,.
2/19/1985,8.46,11.37
2/20/1985,8.53,11.52
2/21/1985,8.73,11.64
2/22/1985,8.68,11.76
2/25/1985,8.69,11.75
2/26/1985,8.65,11.72
2/27/1985,8.75,11.89
2/28/1985,8.81,11.91
3/1/1985,8.98,11.86
3/4/1985,9.05,11.93
3/5/1985,9,11.86
3/6/1985,9.01,11.92
3/7/1985,9.12,11.94
3/8/1985,8.89,11.71
3/11/1985,8.79,11.72
3/12/1985,8.85,11.78
3/13/1985,8.91,11.9
3/14/1985,9.05,11.92
3/15/1985,8.71,11.93
3/18/1985,8.83,12.02
3/19/1985,8.86,11.99
3/20/1985,8.84,11.91
3/21/1985,8.75,11.82
3/22/1985,8.82,11.88
3/25/1985,8.74,11.86
3/26/1985,8.64,11.77
3/27/1985,8.63,11.84
3/28/1985,8.49,11.75
3/29/1985,8.47,11.65
4/1/1985,8.44,11.66
4/2/1985,8.51,11.7
4/3/1985,8.45,11.73
4/4/1985,8.41,11.75
4/5/1985,.,.
4/8/1985,8.41,11.77
4/9/1985,8.37,11.66
4/10/1985,8.38,11.58
4/11/1985,8.32,11.42
4/12/1985,8.33,11.43
4/15/1985,8.35,11.37
4/16/1985,8.2,11.25
4/17/1985,8.06,11.29
4/18/1985,7.97,11.13
4/19/1985,8.06,11.16
4/22/1985,7.93,11.13
4/23/1985,8.05,11.25
4/24/1985,8.01,11.25
4/25/1985,8.1,11.37
4/26/1985,8.08,11.35
4/29/1985,8.11,11.47
4/30/1985,8.12,11.41
5/1/1985,8.01,11.27
5/2/1985,8.03,11.29
5/3/1985,7.99,11.21
5/6/1985,8,11.19
5/7/1985,8.03,11.17
5/8/1985,8.09,11.26
5/9/1985,8.01,11.2
5/10/1985,8,11.04
5/13/1985,7.97,11.04
5/14/1985,7.86,10.87
5/15/1985,7.68,10.89
5/16/1985,7.61,10.81
5/17/1985,7.64,10.84
5/20/1985,7.5,10.56
5/21/1985,7.54,10.6
5/22/1985,7.53,10.62
5/23/1985,7.49,10.64
5/24/1985,7.42,10.57
5/27/1985,.,.
5/28/1985,7.45,10.43
5/29/1985,7.48,10.46
5/30/1985,7.42,10.39
5/31/1985,7.38,10.28
6/3/1985,7.24,10.05
6/4/1985,7.18,10.05
6/5/1985,7.14,9.83
6/6/1985,7.21,9.89
6/7/1985,7.39,10.19
6/10/1985,7.49,10.16
6/11/1985,7.38,10.08
6/12/1985,7.32,10.16
6/13/1985,7.2,10.21
6/14/1985,6.91,9.98
6/17/1985,6.99,9.97
6/18/1985,6.87,9.9
6/19/1985,6.95,10.04
6/20/1985,7.06,10.14
6/21/1985,7.27,10.34
6/24/1985,7.29,10.45
6/25/1985,7.32,10.5
6/26/1985,7.21,10.54
6/27/1985,7.13,10.39
6/28/1985,7.05,10.25
7/1/1985,7.09,10.19
7/2/1985,7.17,10.2
7/3/1985,7.24,10.23
7/4/1985,.,.
7/5/1985,6.99,9.93
7/8/1985,7.14,10.05
7/9/1985,7.18,10.05
7/10/1985,7.16,10.07
7/11/1985,7.29,10.22
7/12/1985,7.32,10.23
7/15/1985,7.28,10.22
7/16/1985,7.23,10.15
7/17/1985,7.21,10.12
7/18/1985,7.39,10.3
7/19/1985,7.42,10.34
7/22/1985,7.49,10.46
7/23/1985,7.5,10.47
7/24/1985,7.48,10.51
7/25/1985,7.41,10.52
7/26/1985,7.43,10.59
7/29/1985,7.5,10.67
7/30/1985,7.52,10.66
7/31/1985,7.52,10.57
8/1/1985,7.52,10.51
8/2/1985,7.55,10.66
8/5/1985,7.52,10.64
8/6/1985,7.5,10.65
8/7/1985,7.41,10.55
8/8/1985,7.41,10.43
8/9/1985,7.4,10.37
8/12/1985,7.33,10.38
8/13/1985,7.37,10.46
8/14/1985,7.32,10.38
8/15/1985,7.43,10.36
8/16/1985,7.34,10.26
8/19/1985,7.36,10.23
8/20/1985,7.35,10.2
8/21/1985,7.27,10.12
8/22/1985,7.27,10.1
8/23/1985,7.27,10.14
8/26/1985,7.3,10.18
8/27/1985,7.28,10.12
8/28/1985,7.29,10.16
8/29/1985,7.28,10.12
8/30/1985,7.38,10.28
9/2/1985,.,.
9/3/1985,7.35,10.24
9/4/1985,7.28,10.16
9/5/1985,7.36,10.27
9/6/1985,7.5,10.5
9/9/1985,7.5,10.49
9/10/1985,7.47,10.48
9/11/1985,7.48,10.51
9/12/1985,7.48,10.52
9/13/1985,7.45,10.4
9/16/1985,7.42,10.37
9/17/1985,7.44,10.41
9/18/1985,7.34,10.43
9/19/1985,7.32,10.43
9/20/1985,7.24,10.36
9/23/1985,7.12,10.39
9/24/1985,7.06,10.33
9/25/1985,7.09,10.27
9/26/1985,7.16,10.22
9/27/1985,.,.
9/30/1985,7.27,10.31
10/1/1985,7.26,10.29
10/2/1985,7.25,10.3
10/3/1985,7.22,10.32
10/4/1985,7.22,10.36
10/7/1985,7.32,10.42
10/8/1985,7.39,10.36
10/9/1985,7.42,10.37
10/10/1985,7.46,10.35
10/11/1985,7.43,10.34
10/14/1985,.,.
10/15/1985,7.48,10.3
10/16/1985,7.45,10.25
10/17/1985,7.43,10.21
10/18/1985,7.44,10.17
10/21/1985,7.46,10.18
10/22/1985,7.39,10.12
10/23/1985,7.46,10.14
10/24/1985,7.5,10.15
10/25/1985,7.48,10.21
10/28/1985,7.47,10.28
10/29/1985,7.45,10.11
10/30/1985,7.42,9.97
10/31/1985,7.42,10.01
11/1/1985,7.44,9.98
11/4/1985,7.48,9.98
11/5/1985,7.48,9.93
11/6/1985,7.49,9.93
11/7/1985,7.54,9.91
11/8/1985,7.46,9.84
11/11/1985,.,.
11/12/1985,7.46,9.74
11/13/1985,7.52,9.78
11/14/1985,7.56,9.84
11/15/1985,7.59,9.92
11/18/1985,7.48,9.72
11/19/1985,7.45,9.73
11/20/1985,7.49,9.72
11/21/1985,7.47,9.58
11/22/1985,7.47,9.66
11/25/1985,7.44,9.68
11/26/1985,7.43,9.68
11/27/1985,7.41,9.64
11/28/1985,.,.
11/29/1985,7.39,9.59
12/2/1985,7.5,9.69
12/3/1985,7.47,9.68
12/4/1985,7.46,9.63
12/5/1985,7.5,9.62
12/6/1985,7.48,9.65
12/9/1985,7.44,9.49
12/10/1985,7.41,9.36
12/11/1985,7.28,9.2
12/12/1985,7.31,9.27
12/13/1985,7.2,9.21
12/16/1985,7.25,9.16
12/17/1985,7.23,9.04
12/18/1985,7.36,9.11
12/19/1985,7.33,9.1
12/20/1985,7.27,9.04
12/23/1985,7.3,9.08
12/24/1985,7.28,9.07
12/25/1985,.,.
12/26/1985,7.23,9.04
12/27/1985,7.18,8.99
12/30/1985,7.17,9.01
12/31/1985,7.28,9
1/1/1986,.,.
1/2/1986,7.33,9.04
1/3/1986,7.29,9.05
1/6/1986,7.29,9.07
1/7/1986,7.26,8.94
1/8/1986,7.4,9.13
1/9/1986,7.41,9.27
1/10/1986,7.44,9.39
1/13/1986,7.48,9.49
1/14/1986,7.48,9.43
1/15/1986,7.42,9.31
1/16/1986,7.31,9.3
1/17/1986,7.33,9.24
1/20/1986,.,.
1/21/1986,7.25,9.22
1/22/1986,7.23,9.28
1/23/1986,7.19,9.23
1/24/1986,7.19,9.23
1/27/1986,7.18,9.13
1/28/1986,7.14,9.05
1/29/1986,7.26,9.09
1/30/1986,7.27,9.1
1/31/1986,7.19,9.08
2/3/1986,7.22,9.02
2/4/1986,7.2,8.96
2/5/1986,7.24,8.97
2/6/1986,7.33,9.03
2/7/1986,7.44,9.11
2/10/1986,7.43,9
2/11/1986,7.34,8.93
2/12/1986,7.34,8.91
2/13/1986,7.33,8.85
2/14/1986,7.24,8.68
2/17/1986,.,.
2/18/1986,7.24,8.64
2/19/1986,7.31,8.7
2/20/1986,7.34,8.67
2/21/1986,7.2,8.48
2/24/1986,7.24,8.39
2/25/1986,7.28,8.4
2/26/1986,7.3,8.36
2/27/1986,7.26,8.15
2/28/1986,7.24,8.13
3/3/1986,7.19,7.99
3/4/1986,7.06,7.93
3/5/1986,7.07,8.12
3/6/1986,6.9,8.04
3/7/1986,6.81,7.96
3/10/1986,6.81,7.76
3/11/1986,6.77,7.7
3/12/1986,6.83,7.68
3/13/1986,6.8,7.75
3/14/1986,6.74,7.72
3/17/1986,6.77,7.77
3/18/1986,6.74,7.83
3/19/1986,6.69,7.82
3/20/1986,6.64,7.78
3/21/1986,6.61,7.8
3/24/1986,6.61,7.7
3/25/1986,6.57,7.7
3/26/1986,6.61,7.64
3/27/1986,6.53,7.49
3/28/1986,.,.
3/31/1986,6.53,7.39
4/1/1986,6.52,7.37
4/2/1986,6.53,7.33
4/3/1986,6.52,7.41
4/4/1986,6.41,7.45
4/7/1986,6.43,7.43
4/8/1986,6.31,7.31
4/9/1986,6.19,7.27
4/10/1986,6.2,7.23
4/11/1986,6.13,7.29
4/14/1986,6.09,7.19
4/15/1986,5.98,7.22
4/16/1986,5.94,6.98
4/17/1986,6.01,7.03
4/18/1986,6.04,7.09
4/21/1986,6.04,7.04
4/22/1986,6.12,7.25
4/23/1986,6.27,7.36
4/24/1986,6.29,7.51
4/25/1986,6.32,7.58
4/28/1986,6.29,7.48
4/29/1986,6.27,7.38
4/30/1986,6.28,7.38
5/1/1986,6.29,7.45
5/2/1986,6.33,7.51
5/5/1986,6.24,7.45
5/6/1986,6.23,7.46
5/7/1986,6.22,7.43
5/8/1986,6.22,7.4
5/9/1986,6.23,7.48
5/12/1986,6.32,7.67
5/13/1986,6.27,7.63
5/14/1986,6.27,7.66
5/15/1986,6.35,7.79
5/16/1986,6.4,7.99
5/19/1986,6.39,7.98
5/20/1986,6.42,7.88
5/21/1986,6.39,7.9
5/22/1986,6.39,7.88
5/23/1986,6.36,7.84
5/26/1986,.,.
5/27/1986,6.35,7.73
5/28/1986,6.38,7.73
5/29/1986,6.49,7.99
5/30/1986,6.49,8.05
6/2/1986,6.56,8.32
6/3/1986,6.61,8.19
6/4/1986,6.72,8.39
6/5/1986,6.71,8.31
6/6/1986,6.51,7.95
6/9/1986,6.56,8.13
6/10/1986,6.47,8.07
6/11/1986,6.53,8.01
6/12/1986,6.47,7.98
6/13/1986,6.36,7.73
6/16/1986,6.31,7.63
6/17/1986,6.27,7.63
6/18/1986,6.27,7.57
6/19/1986,6.29,7.69
6/20/1986,6.28,7.6
6/23/1986,6.3,7.55
6/24/1986,6.26,7.47
6/25/1986,6.26,7.42
6/26/1986,6.26,7.42
6/27/1986,6.2,7.38
6/30/1986,6.13,7.35
7/1/1986,6.17,7.37
7/2/1986,6.18,7.37
7/3/1986,6.08,7.31
7/4/1986,.,.
7/7/1986,6.04,7.31
7/8/1986,6.11,7.44
7/9/1986,6.05,7.31
7/10/1986,6.02,7.31
7/11/1986,5.92,7.3
7/14/1986,5.94,7.25
7/15/1986,5.94,7.16
7/16/1986,5.94,7.2
7/17/1986,5.92,7.18
7/18/1986,5.88,7.16
7/21/1986,5.89,7.14
7/22/1986,5.89,7.2
7/23/1986,5.98,7.29
7/24/1986,5.98,7.35
7/25/1986,5.98,7.33
7/28/1986,6.07,7.53
7/29/1986,6.03,7.41
7/30/1986,6.02,7.41
7/31/1986,5.96,7.34
8/1/1986,5.94,7.34
8/4/1986,5.88,7.33
8/5/1986,5.87,7.39
8/6/1986,5.88,7.47
8/7/1986,5.89,7.45
8/8/1986,5.86,7.3
8/11/1986,5.84,7.25
8/12/1986,5.77,7.23
8/13/1986,5.73,7.15
8/14/1986,5.75,7.16
8/15/1986,5.71,7.14
8/18/1986,5.77,7.14
8/19/1986,5.72,7.02
8/20/1986,5.66,7
8/21/1986,5.52,6.96
8/22/1986,5.51,7.07
8/25/1986,5.43,7.06
8/26/1986,5.44,6.97
8/27/1986,5.47,7.06
8/28/1986,5.44,7.04
8/29/1986,5.31,6.95
9/1/1986,.,.
9/2/1986,5.33,7.03
9/3/1986,5.38,7.2
9/4/1986,5.33,7.15
9/5/1986,5.37,7.32
9/8/1986,5.39,7.38
9/9/1986,5.34,7.35
9/10/1986,5.3,7.35
9/11/1986,5.35,7.57
9/12/1986,5.31,7.63
9/15/1986,5.32,7.53
9/16/1986,5.27,7.53
9/17/1986,5.26,7.46
9/18/1986,5.37,7.62
9/19/1986,5.4,7.67
9/22/1986,5.4,7.62
9/23/1986,5.4,7.58
9/24/1986,5.38,7.48
9/25/1986,5.37,7.47
9/26/1986,5.38,7.47
9/29/1986,5.41,7.54
9/30/1986,5.34,7.45
10/1/1986,5.33,7.41
10/2/1986,5.33,7.45
10/3/1986,5.23,7.31
10/6/1986,5.19,7.28
10/7/1986,5.2,7.28
10/8/1986,5.18,7.31
10/9/1986,5.2,7.33
10/10/1986,5.2,7.36
10/13/1986,.,.
10/14/1986,5.28,7.49
10/15/1986,5.32,7.51
10/16/1986,5.34,7.53
10/17/1986,5.42,7.57
10/20/1986,5.47,7.66
10/21/1986,5.46,7.57
10/22/1986,5.45,7.49
10/23/1986,5.41,7.43
10/24/1986,5.42,7.47
10/27/1986,5.34,7.42
10/28/1986,5.34,7.45
10/29/1986,5.34,7.41
10/30/1986,5.32,7.31
10/31/1986,5.34,7.34
11/3/1986,5.36,7.29
11/4/1986,5.4,7.31
11/5/1986,5.4,7.24
11/6/1986,5.41,7.32
11/7/1986,5.47,7.4
11/10/1986,5.58,7.38
11/11/1986,.,.
11/12/1986,5.55,7.35
11/13/1986,5.55,7.33
11/14/1986,5.55,7.29
11/17/1986,5.56,7.22
11/18/1986,5.5,7.27
11/19/1986,5.48,7.19
11/20/1986,5.53,7.19
11/21/1986,5.51,7.17
11/24/1986,5.53,7.11
11/25/1986,5.54,7.15
11/26/1986,5.54,7.15
11/27/1986,.,.
11/28/1986,5.54,7.15
12/1/1986,5.57,7.18
12/2/1986,5.56,7.08
12/3/1986,5.56,7.06
12/4/1986,5.55,7.01
12/5/1986,5.59,7.12
12/8/1986,5.66,7.1
12/9/1986,5.63,7.07
12/10/1986,5.64,7.05
12/11/1986,5.64,7.12
12/12/1986,5.64,7.13
12/15/1986,5.66,7.15
12/16/1986,5.74,7.12
12/17/1986,5.8,7.12
12/18/1986,5.76,7.11
12/19/1986,5.66,7.1
12/22/1986,5.69,7.1
12/23/1986,5.71,7.08
12/24/1986,5.73,7.07
12/25/1986,.,.
12/26/1986,5.72,7.08
12/29/1986,5.83,7.17
12/30/1986,5.85,7.23
12/31/1986,5.83,7.23
1/1/1987,.,.
1/2/1987,5.7,7.18
1/5/1987,5.71,7.08
1/6/1987,5.67,7.08
1/7/1987,5.58,7.05
1/8/1987,5.58,7.04
1/9/1987,5.53,7.01
1/12/1987,5.52,7.05
1/13/1987,5.51,7.1
1/14/1987,5.5,7.11
1/15/1987,5.51,7.08
1/16/1987,5.47,7.03
1/19/1987,.,.
1/20/1987,5.45,7.01
1/21/1987,5.46,7.01
1/22/1987,5.53,7.03
1/23/1987,5.55,7.06
1/26/1987,5.64,7.17
1/27/1987,5.64,7.16
1/28/1987,5.62,7.13
1/29/1987,5.63,7.13
1/30/1987,5.76,7.18
2/2/1987,5.77,7.23
2/3/1987,5.75,7.25
2/4/1987,5.79,7.23
2/5/1987,5.75,7.2
2/6/1987,5.82,7.19
2/9/1987,5.88,7.25
2/10/1987,5.99,7.33
2/11/1987,6.03,7.37
2/12/1987,5.88,7.31
2/13/1987,5.81,7.28
2/16/1987,.,.
2/17/1987,5.88,7.33
2/18/1987,5.76,7.3
2/19/1987,5.6,7.23
2/20/1987,5.58,7.24
2/23/1987,5.59,7.23
2/24/1987,5.59,7.18
2/25/1987,5.6,7.21
2/26/1987,5.6,7.21
2/27/1987,5.6,7.19
3/2/1987,5.63,7.17
3/3/1987,5.71,7.21
3/4/1987,5.68,7.14
3/5/1987,5.69,7.16
3/6/1987,5.82,7.23
3/9/1987,5.82,7.23
3/10/1987,5.86,7.23
3/11/1987,5.86,7.23
3/12/1987,5.85,7.22
3/13/1987,5.79,7.19
3/16/1987,5.83,7.22
3/17/1987,5.74,7.2
3/18/1987,5.69,7.21
3/19/1987,5.67,7.21
3/20/1987,5.69,7.22
3/23/1987,5.8,7.25
3/24/1987,5.79,7.27
3/25/1987,5.74,7.26
3/26/1987,5.74,7.24
3/27/1987,5.81,7.33
3/30/1987,5.85,7.54
3/31/1987,5.79,7.51
4/1/1987,5.71,7.59
4/2/1987,5.68,7.59
4/3/1987,5.67,7.59
4/6/1987,5.65,7.54
4/7/1987,5.68,7.62
4/8/1987,5.67,7.61
4/9/1987,5.93,7.78
4/10/1987,6.04,7.98
4/13/1987,6.22,8.07
4/14/1987,6.11,8.28
4/15/1987,5.86,8.1
4/16/1987,5.73,8.03
4/17/1987,.,.
4/20/1987,5.74,8.2
4/21/1987,5.67,8.19
4/22/1987,5.59,8.24
4/23/1987,5.66,8.39
4/24/1987,5.94,8.47
4/27/1987,5.98,8.37
4/28/1987,6.01,8.28
4/29/1987,5.89,8.35
4/30/1987,5.7,8.21
5/1/1987,5.78,8.39
5/4/1987,5.87,8.52
5/5/1987,5.99,8.45
5/6/1987,5.67,8.54
5/7/1987,5.7,8.5
5/8/1987,5.71,8.43
5/11/1987,5.84,8.57
5/12/1987,5.78,8.55
5/13/1987,5.7,8.55
5/14/1987,5.91,8.57
5/15/1987,6.15,8.8
5/18/1987,6.09,8.73
5/19/1987,5.96,8.89
5/20/1987,5.87,8.92
5/21/1987,5.71,8.87
5/22/1987,5.74,8.78
5/25/1987,.,.
5/26/1987,5.83,8.55
5/27/1987,5.94,8.6
5/28/1987,5.82,8.56
5/29/1987,5.87,8.49
6/1/1987,5.92,8.45
6/2/1987,5.94,8.72
6/3/1987,5.87,8.64
6/4/1987,5.84,8.58
6/5/1987,5.87,8.5
6/8/1987,5.85,8.53
6/9/1987,5.68,8.56
6/10/1987,5.65,8.56
6/11/1987,5.72,8.52
6/12/1987,5.73,8.32
6/15/1987,5.85,8.28
6/16/1987,5.81,8.28
6/17/1987,5.83,8.23
6/18/1987,5.83,8.27
6/19/1987,5.84,8.3
6/22/1987,5.86,8.23
6/23/1987,5.9,8.23
6/24/1987,6.02,8.31
6/25/1987,6.03,8.25
6/26/1987,5.97,8.37
6/29/1987,5.88,8.34
6/30/1987,5.91,8.38
7/1/1987,5.82,8.36
7/2/1987,5.84,8.3
7/3/1987,.,.
7/6/1987,5.85,8.29
7/7/1987,5.78,8.28
7/8/1987,5.74,8.32
7/9/1987,5.78,8.37
7/10/1987,5.76,8.32
7/13/1987,5.78,8.38
7/14/1987,5.72,8.33
7/15/1987,5.75,8.43
7/16/1987,5.75,8.41
7/17/1987,5.73,8.36
7/20/1987,5.72,8.41
7/21/1987,5.87,8.49
7/22/1987,5.85,8.54
7/23/1987,5.87,8.56
7/24/1987,5.96,8.58
7/27/1987,6.03,8.6
7/28/1987,6.09,8.62
7/29/1987,6.11,8.61
7/30/1987,6.27,8.61
7/31/1987,6.27,8.66
8/3/1987,6.25,8.81
8/4/1987,6.04,8.81
8/5/1987,6.04,8.71
8/6/1987,5.93,8.73
8/7/1987,6.04,8.7
8/10/1987,6.11,8.74
8/11/1987,6.13,8.73
8/12/1987,6.14,8.72
8/13/1987,6.15,8.63
8/14/1987,6.15,8.58
8/17/1987,6.17,8.56
8/18/1987,6.21,8.73
8/19/1987,6.24,8.77
8/20/1987,6.31,8.74
8/21/1987,6.3,8.77
8/24/1987,6.38,8.78
8/25/1987,6.38,8.73
8/26/1987,6.46,8.79
8/27/1987,6.5,8.92
8/28/1987,6.52,9.02
8/31/1987,6.45,9
9/1/1987,6.32,9.05
9/2/1987,6.29,9.28
9/3/1987,6.39,9.29
9/4/1987,6.59,9.3
9/7/1987,.,.
9/8/1987,6.66,9.5
9/9/1987,6.65,9.48
9/10/1987,6.54,9.42
9/11/1987,6.56,9.33
9/14/1987,6.56,9.34
9/15/1987,6.55,9.44
9/16/1987,6.55,9.52
9/17/1987,6.59,9.48
9/18/1987,6.63,9.38
9/21/1987,6.74,9.45
9/22/1987,6.73,9.37
9/23/1987,6.71,9.4
9/24/1987,6.67,9.51
9/25/1987,6.76,9.53
9/28/1987,6.81,9.52
9/29/1987,6.92,9.64
9/30/1987,6.83,9.63
10/1/1987,6.86,9.66
10/2/1987,6.89,9.6
10/5/1987,6.92,9.69
10/6/1987,6.77,9.72
10/7/1987,6.78,9.71
10/8/1987,6.93,9.86
10/9/1987,7,9.94
10/12/1987,.,.
10/13/1987,7.03,9.9
10/14/1987,7.45,10.13
10/15/1987,7.33,10.18
10/16/1987,7.19,10.23
10/19/1987,6.67,10.15
10/20/1987,6.05,9.4
10/21/1987,5.78,9.3
10/22/1987,5.53,8.97
10/23/1987,5.47,8.98
10/26/1987,5.44,8.8
10/27/1987,5.39,8.92
10/28/1987,5.25,9.01
10/29/1987,5.19,8.89
10/30/1987,5.45,8.88
11/2/1987,5.85,8.98
11/3/1987,5.81,8.91
11/4/1987,5.71,8.85
11/5/1987,5.76,8.72
11/6/1987,5.92,8.76
11/9/1987,5.92,8.78
11/10/1987,5.85,8.79
11/11/1987,.,.
11/12/1987,6.02,8.8
11/13/1987,6.11,8.84
11/16/1987,6.1,8.82
11/17/1987,6.07,8.86
11/18/1987,5.95,8.85
11/19/1987,5.85,8.83
11/20/1987,5.92,8.79
11/23/1987,6,8.8
11/24/1987,5.95,8.89
11/25/1987,5.88,8.98
11/26/1987,.,.
11/27/1987,5.82,9.11
11/30/1987,5.42,8.99
12/1/1987,5.72,9.01
12/2/1987,5.66,9.01
12/3/1987,5.52,8.94
12/4/1987,5.61,8.94
12/7/1987,6.05,9.07
12/8/1987,6.05,9.09
12/9/1987,6.02,9.05
12/10/1987,6.11,9.23
12/11/1987,6.05,9.28
12/14/1987,6.08,9.23
12/15/1987,6.12,9.09
12/16/1987,6.13,9
12/17/1987,6.12,9.03
12/18/1987,6.06,8.89
12/21/1987,6.1,8.88
12/22/1987,6.12,8.95
12/23/1987,5.96,8.83
12/24/1987,5.92,8.82
12/25/1987,.,.
12/28/1987,5.93,8.93
12/29/1987,6.03,8.85
12/30/1987,5.89,8.78
12/31/1987,5.86,8.83
1/1/1988,.,.
1/4/1988,6.09,8.83
1/5/1988,6.12,8.76
1/6/1988,6.03,8.82
1/7/1988,5.96,8.83
1/8/1988,6.06,8.97
1/11/1988,5.91,8.94
1/12/1988,5.99,8.93
1/13/1988,5.97,8.87
1/14/1988,6.07,8.86
1/15/1988,6.07,8.6
1/18/1988,.,.
1/19/1988,6.18,8.65
1/20/1988,5.99,8.61
1/21/1988,6,8.53
1/22/1988,6,8.49
1/25/1988,6.04,8.45
1/26/1988,6.01,8.54
1/27/1988,5.92,8.38
1/28/1988,5.86,8.33
1/29/1988,5.82,8.26
2/1/1988,5.86,8.26
2/2/1988,5.89,8.18
2/3/1988,5.89,8.21
2/4/1988,5.83,8.24
2/5/1988,5.81,8.12
2/8/1988,5.83,8.19
2/9/1988,5.78,8.16
2/10/1988,5.79,8.11
2/11/1988,5.81,8.16
2/12/1988,5.93,8.28
2/15/1988,.,.
2/16/1988,5.95,8.31
2/17/1988,5.92,8.32
2/18/1988,5.87,8.28
2/19/1988,5.86,8.26
2/22/1988,5.85,8.24
2/23/1988,5.81,8.17
2/24/1988,5.8,8.18
2/25/1988,5.81,8.23
2/26/1988,5.76,8.18
2/29/1988,5.8,8.16
3/1/1988,5.78,8.15
3/2/1988,5.77,8.13
3/3/1988,5.76,8.12
3/4/1988,5.88,8.28
3/7/1988,5.9,8.3
3/8/1988,5.91,8.33
3/9/1988,5.89,8.32
3/10/1988,5.92,8.35
3/11/1988,5.9,8.29
3/14/1988,5.87,8.29
3/15/1988,5.77,8.3
3/16/1988,5.77,8.36
3/17/1988,5.76,8.3
3/18/1988,5.82,8.41
3/21/1988,5.91,8.47
3/22/1988,5.95,8.46
3/23/1988,6,8.47
3/24/1988,5.96,8.51
3/25/1988,5.87,8.47
3/28/1988,5.92,8.58
3/29/1988,5.91,8.56
3/30/1988,5.92,8.57
3/31/1988,5.87,8.57
4/1/1988,.,.
4/4/1988,6.04,8.68
4/5/1988,6.18,8.67
4/6/1988,6.23,8.61
4/7/1988,6.23,8.6
4/8/1988,6.2,8.52
4/11/1988,6.23,8.59
4/12/1988,6.1,8.57
4/13/1988,6.03,8.56
4/14/1988,5.9,8.67
4/15/1988,6.05,8.74
4/18/1988,6.04,8.81
4/19/1988,5.98,8.81
4/20/1988,6.01,8.83
4/21/1988,6,8.82
4/22/1988,6,8.78
4/25/1988,6.04,8.78
4/26/1988,6.07,8.8
4/27/1988,6.04,8.8
4/28/1988,6.13,8.86
4/29/1988,6.16,8.87
5/2/1988,6.29,8.94
5/3/1988,6.31,8.89
5/4/1988,6.32,8.9
5/5/1988,6.37,8.92
5/6/1988,6.48,9.01
5/9/1988,6.52,9.03
5/10/1988,6.53,9.07
5/11/1988,6.45,9.05
5/12/1988,6.4,9.04
5/13/1988,6.37,9
5/16/1988,6.4,9.01
5/17/1988,6.49,9.12
5/18/1988,6.4,9.19
5/19/1988,6.34,9.18
5/20/1988,6.44,9.22
5/23/1988,6.47,9.23
5/24/1988,6.5,9.22
5/25/1988,6.52,9.2
5/26/1988,6.62,9.21
5/27/1988,6.65,9.24
5/30/1988,.,.
5/31/1988,6.67,9.2
6/1/1988,6.67,9.03
6/2/1988,6.64,9.07
6/3/1988,6.66,8.97
6/6/1988,6.68,8.97
6/7/1988,6.63,9.02
6/8/1988,6.59,8.92
6/9/1988,6.64,8.96
6/10/1988,6.65,8.92
6/13/1988,6.65,8.91
6/14/1988,6.54,8.69
6/15/1988,6.53,8.71
6/16/1988,6.49,8.89
6/17/1988,6.57,9.02
6/20/1988,6.6,9.02
6/21/1988,6.76,9.03
6/22/1988,6.72,8.9
6/23/1988,6.73,8.88
6/24/1988,6.72,8.85
6/27/1988,6.78,8.94
6/28/1988,6.81,8.87
6/29/1988,6.78,8.88
6/30/1988,6.77,8.82
7/1/1988,6.76,8.77
7/4/1988,.,.
7/5/1988,6.77,8.82
7/6/1988,6.73,8.91
7/7/1988,6.76,8.95
7/8/1988,6.88,9.04
7/11/1988,6.84,9.02
7/12/1988,6.94,9.08
7/13/1988,6.93,9.12
7/14/1988,6.95,9.12
7/15/1988,6.94,9.08
7/18/1988,6.9,9.15
7/19/1988,6.9,9.1
7/20/1988,6.92,9.11
7/21/1988,7,9.16
7/22/1988,6.96,9.11
7/25/1988,7.04,9.07
7/26/1988,7.11,9.09
7/27/1988,7.23,9.14
7/28/1988,7.22,9.16
7/29/1988,7.18,9.12
8/1/1988,7.15,9.07
8/2/1988,7.12,9
8/3/1988,7.12,9.04
8/4/1988,7.06,8.99
8/5/1988,7.15,9.12
8/8/1988,7.09,9.12
8/9/1988,7.29,9.2
8/10/1988,7.21,9.3
8/11/1988,7.24,9.35
8/12/1988,7.25,9.36
8/15/1988,7.25,9.37
8/16/1988,7.29,9.35
8/17/1988,7.26,9.38
8/18/1988,7.26,9.35
8/19/1988,7.3,9.35
8/22/1988,7.33,9.37
8/23/1988,7.39,9.32
8/24/1988,7.42,9.34
8/25/1988,7.49,9.41
8/26/1988,7.57,9.38
8/29/1988,7.57,9.3
8/30/1988,7.54,9.27
8/31/1988,7.54,9.25
9/1/1988,7.52,9.25
9/2/1988,7.45,9
9/5/1988,.,.
9/6/1988,7.51,8.99
9/7/1988,7.57,8.99
9/8/1988,7.56,8.99
9/9/1988,7.52,8.93
9/12/1988,7.48,8.97
9/13/1988,7.4,8.94
9/14/1988,7.39,8.88
9/15/1988,7.4,8.91
9/16/1988,7.38,8.93
9/19/1988,7.38,8.97
9/20/1988,7.44,8.97
9/21/1988,7.42,8.93
9/22/1988,7.43,8.95
9/23/1988,7.47,8.97
9/26/1988,7.55,9
9/27/1988,7.57,9.04
9/28/1988,7.58,9.06
9/29/1988,7.53,8.98
9/30/1988,7.49,8.87
10/3/1988,7.5,8.84
10/4/1988,7.47,8.87
10/5/1988,7.46,8.87
10/6/1988,7.55,8.87
10/7/1988,7.51,8.7
10/10/1988,.,.
10/11/1988,7.55,8.75
10/12/1988,7.52,8.84
10/13/1988,7.58,8.84
10/14/1988,7.56,8.81
10/17/1988,7.58,8.79
10/18/1988,7.6,8.78
10/19/1988,7.68,8.82
10/20/1988,7.7,8.79
10/21/1988,7.69,8.83
10/24/1988,7.77,8.83
10/25/1988,7.69,8.83
10/26/1988,7.66,8.79
10/27/1988,7.63,8.72
10/28/1988,7.62,8.69
10/31/1988,7.62,8.65
11/1/1988,7.58,8.68
11/2/1988,7.61,8.73
11/3/1988,7.65,8.69
11/4/1988,7.7,8.85
11/7/1988,7.75,8.91
11/8/1988,7.85,8.91
11/9/1988,7.82,8.91
11/10/1988,7.9,8.9
11/11/1988,.,.
11/14/1988,8.06,8.91
11/15/1988,8.23,8.92
11/16/1988,8.22,9
11/17/1988,8.2,9.06
11/18/1988,8.21,9.05
11/21/1988,8.27,9.04
11/22/1988,8.28,9.09
11/23/1988,8.29,9.08
11/24/1988,.,.
11/25/1988,8.31,9.17
11/28/1988,8.27,9.16
11/29/1988,8.27,9.13
11/30/1988,8.1,9.06
12/1/1988,8.12,9.01
12/2/1988,8.34,9.18
12/5/1988,8.3,9.13
12/6/1988,8.23,8.95
12/7/1988,8.27,9
12/8/1988,8.26,9.02
12/9/1988,8.14,9.07
12/12/1988,8.19,9.08
12/13/1988,8.38,9.15
12/14/1988,8.41,9.19
12/15/1988,8.48,9.19
12/16/1988,8.44,9.17
12/19/1988,8.48,9.15
12/20/1988,8.47,9.08
12/21/1988,8.38,9.07
12/22/1988,8.33,9.07
12/23/1988,8.32,9.05
12/26/1988,.,.
12/27/1988,8.45,9.13
12/28/1988,8.55,9.21
12/29/1988,8.41,9.18
12/30/1988,8.37,9.14
1/2/1989,.,.
1/3/1989,8.43,9.23
1/4/1989,8.54,9.22
1/5/1989,8.56,9.27
1/6/1989,8.58,9.25
1/9/1989,8.58,9.23
1/10/1989,8.6,9.24
1/11/1989,8.53,9.24
1/12/1989,8.55,9.14
1/13/1989,8.49,9.06
1/16/1989,.,.
1/17/1989,8.54,9.06
1/18/1989,8.55,8.99
1/19/1989,8.52,9
1/20/1989,8.52,9.03
1/23/1989,8.56,9
1/24/1989,8.5,8.93
1/25/1989,8.59,8.99
1/26/1989,8.64,8.99
1/27/1989,8.62,8.95
1/30/1989,8.58,9
1/31/1989,8.69,9.01
2/1/1989,8.67,8.99
2/2/1989,8.68,8.98
2/3/1989,8.78,9.01
2/6/1989,8.83,9.01
2/7/1989,8.84,8.96
2/8/1989,8.84,8.95
2/9/1989,8.78,9.13
2/10/1989,8.85,9.19
2/13/1989,8.86,9.2
2/14/1989,8.87,9.23
2/15/1989,8.8,9.22
2/16/1989,8.81,9.21
2/17/1989,8.78,9.2
2/20/1989,.,.
2/21/1989,8.77,9.22
2/22/1989,8.84,9.29
2/23/1989,8.92,9.36
2/24/1989,8.96,9.38
2/27/1989,8.99,9.36
2/28/1989,9.03,9.32
3/1/1989,8.98,9.36
3/2/1989,8.98,9.31
3/3/1989,8.94,9.31
3/6/1989,8.89,9.26
3/7/1989,8.93,9.26
3/8/1989,8.92,9.23
3/9/1989,8.98,9.24
3/10/1989,9.06,9.34
3/13/1989,9.09,9.35
3/14/1989,9.02,9.32
3/15/1989,8.99,9.31
3/16/1989,9.02,9.3
3/17/1989,9.18,9.49
3/20/1989,9.33,9.53
3/21/1989,9.43,9.53
3/22/1989,9.35,9.45
3/23/1989,9.37,9.43
3/24/1989,.,.
3/27/1989,9.45,9.44
3/28/1989,9.41,9.41
3/29/1989,9.29,9.36
3/30/1989,9.29,9.34
3/31/1989,9.23,9.3
4/3/1989,9.15,9.21
4/4/1989,9.14,9.17
4/5/1989,9.15,9.17
4/6/1989,9.17,9.2
4/7/1989,9.12,9.27
4/10/1989,9.05,9.27
4/11/1989,9,9.27
4/12/1989,8.98,9.29
4/13/1989,9.09,9.34
4/14/1989,8.92,9.18
4/17/1989,8.93,9.2
4/18/1989,8.73,9.06
4/19/1989,8.73,9.08
4/20/1989,8.95,9.2
4/21/1989,8.95,9.15
4/24/1989,8.99,9.15
4/25/1989,8.94,9.12
4/26/1989,8.84,9.11
4/27/1989,8.71,9.05
4/28/1989,8.71,9.02
5/1/1989,8.94,9.14
5/2/1989,8.89,9.08
5/3/1989,8.84,9.06
5/4/1989,8.84,9.06
5/5/1989,8.73,8.99
5/8/1989,8.8,9.04
5/9/1989,8.81,9.15
5/10/1989,8.83,9.16
5/11/1989,8.72,9.1
5/12/1989,8.5,8.81
5/15/1989,8.54,8.82
5/16/1989,8.52,8.82
5/17/1989,8.57,8.8
5/18/1989,8.68,8.78
5/19/1989,8.65,8.71
5/22/1989,8.62,8.58
5/23/1989,8.57,8.6
5/24/1989,8.67,8.63
5/25/1989,8.85,8.67
5/26/1989,8.82,8.66
5/29/1989,.,.
5/30/1989,8.88,8.64
5/31/1989,8.92,8.6
6/1/1989,8.92,8.61
6/2/1989,8.65,8.43
6/5/1989,8.54,8.36
6/6/1989,8.45,8.36
6/7/1989,8.43,8.27
6/8/1989,8.4,8.27
6/9/1989,8.5,8.15
6/12/1989,8.46,8.16
6/13/1989,8.45,8.25
6/14/1989,8.41,8.2
6/15/1989,8.37,8.33
6/16/1989,8.42,8.35
6/19/1989,8.42,8.37
6/20/1989,8.44,8.31
6/21/1989,8.42,8.37
6/22/1989,8.44,8.38
6/23/1989,8.33,8.25
6/26/1989,8.38,8.18
6/27/1989,8.33,8.11
6/28/1989,8.32,8.17
6/29/1989,8.22,8.12
6/30/1989,8.26,8.1
7/3/1989,8.23,8.09
7/4/1989,.,.
7/5/1989,8.05,8.11
7/6/1989,8.03,8.08
7/7/1989,7.98,8.02
7/10/1989,8,7.99
7/11/1989,8.03,8
7/12/1989,7.99,8
7/13/1989,8.03,8
7/14/1989,8.1,8.04
7/17/1989,8.18,8.05
7/18/1989,8.18,8.13
7/19/1989,8.2,8.09
7/20/1989,8.24,8.01
7/21/1989,8.39,8.07
7/24/1989,8.37,8.05
7/25/1989,8.31,8.01
7/26/1989,8.3,8.02
7/27/1989,8.17,7.92
7/28/1989,8.12,7.87
7/31/1989,8.04,7.82
8/1/1989,7.89,7.74
8/2/1989,7.89,7.76
8/3/1989,7.9,7.8
8/4/1989,8.13,8
8/7/1989,8.21,8.03
8/8/1989,8.22,8
8/9/1989,8.18,8.05
8/10/1989,8.13,8.02
8/11/1989,8.22,8.09
8/14/1989,8.32,8.24
8/15/1989,8.31,8.21
8/16/1989,8.22,8.12
8/17/1989,8.15,8.18
8/18/1989,8.13,8.15
8/21/1989,8.2,8.2
8/22/1989,8.33,8.29
8/23/1989,8.28,8.25
8/24/1989,8.24,8.2
8/25/1989,8.23,8.21
8/28/1989,8.26,8.27
8/29/1989,8.17,8.27
8/30/1989,8.14,8.25
8/31/1989,8.16,8.26
9/1/1989,8.12,8.19
9/4/1989,.,.
9/5/1989,8.15,8.19
9/6/1989,8.09,8.17
9/7/1989,8.07,8.17
9/8/1989,8.04,8.14
9/11/1989,7.95,8.13
9/12/1989,7.88,8.13
9/13/1989,7.85,8.18
9/14/1989,7.83,8.13
9/15/1989,7.78,8.09
9/18/1989,7.87,8.1
9/19/1989,7.92,8.09
9/20/1989,8.08,8.15
9/21/1989,8.1,8.2
9/22/1989,8.02,8.22
9/25/1989,8.09,8.32
9/26/1989,8.03,8.3
9/27/1989,8.1,8.3
9/28/1989,8.14,8.3
9/29/1989,8.18,8.31
10/2/1989,8.17,8.28
10/3/1989,8.05,8.23
10/4/1989,8.05,8.22
10/5/1989,8.03,8.15
10/6/1989,7.83,8.03
10/9/1989,.,.
10/10/1989,7.89,8.03
10/11/1989,7.96,8.07
10/12/1989,7.96,8.04
10/13/1989,7.87,7.87
10/16/1989,7.7,7.98
10/17/1989,7.68,8
10/18/1989,7.75,8.01
10/19/1989,7.83,7.96
10/20/1989,7.8,7.98
10/23/1989,7.83,7.92
10/24/1989,7.75,7.87
10/25/1989,7.81,7.86
10/26/1989,7.86,7.88
10/27/1989,8.02,7.94
10/30/1989,8.01,7.92
10/31/1989,8.04,7.92
11/1/1989,8.05,7.91
11/2/1989,7.99,7.87
11/3/1989,8.1,7.96
11/6/1989,8.13,8
11/7/1989,8,7.9
11/8/1989,7.94,7.87
11/9/1989,7.96,7.9
11/10/1989,7.97,7.92
11/13/1989,7.95,7.89
11/14/1989,7.92,7.87
11/15/1989,7.9,7.82
11/16/1989,7.92,7.82
11/17/1989,7.93,7.88
11/20/1989,7.93,7.86
11/21/1989,7.89,7.85
11/22/1989,7.84,7.81
11/23/1989,.,.
11/24/1989,7.76,7.8
11/27/1989,7.91,7.85
11/28/1989,7.97,7.86
11/29/1989,7.92,7.88
11/30/1989,7.84,7.84
12/1/1989,7.78,7.81
12/4/1989,7.79,7.82
12/5/1989,7.81,7.82
12/6/1989,7.9,7.85
12/7/1989,7.95,7.88
12/8/1989,7.86,7.82
12/11/1989,7.88,7.83
12/12/1989,7.92,7.84
12/13/1989,7.95,7.82
12/14/1989,7.88,7.79
12/15/1989,7.87,7.8
12/18/1989,7.85,7.77
12/19/1989,7.93,7.78
12/20/1989,7.82,7.77
12/21/1989,7.81,7.77
12/22/1989,7.84,7.82
12/25/1989,.,.
12/26/1989,8.02,7.95
12/27/1989,7.99,7.94
12/28/1989,7.94,7.91
12/29/1989,7.8,7.93
